{"initial_reset_timestamp": 1588411302.86858, "timestamps": [1588411377.760376, 1588411450.823543, 1588411513.517189, 1588411569.9803588, 1588411627.251385, 1588411687.128777, 1588411746.7841768, 1588411810.036705, 1588411885.2934551, 1588411951.1812532, 1588412008.286541, 1588412073.905571, 1588412133.512186, 1588412205.031115, 1588412271.505197, 1588412334.1063838, 1588412404.835041, 1588412479.446143, 1588412558.514188, 1588412622.430665, 1588412691.437222, 1588412750.5771708, 1588412810.291005, 1588412868.987632, 1588412928.796182, 1588412986.96365, 1588413045.964639, 1588413122.35351, 1588413180.232822, 1588413239.1989288, 1588413297.207011, 1588413354.7305799, 1588413412.09693, 1588413471.197976, 1588413529.771136, 1588413593.8852942, 1588413669.9941819, 1588413738.387935, 1588413797.989012, 1588413857.4066718, 1588413917.868185, 1588413979.298332, 1588414039.6439738, 1588414098.711929, 1588414169.038344, 1588414234.6135209, 1588414294.754307, 1588414351.878317, 1588414407.833771, 1588414467.317854, 1588414523.8855, 1588414579.669814, 1588414638.2648058, 1588414693.967541, 1588414751.0415628, 1588414810.5913348, 1588414866.627855, 1588414923.742784, 1588414980.447568, 1588415036.5782568, 1588415095.281177, 1588415152.499029, 1588415208.4154902, 1588415265.332323, 1588415340.150296, 1588415399.0687768, 1588415456.063076, 1588415511.420047, 1588415568.705024, 1588415625.1392791, 1588415682.923229, 1588415741.3408902, 1588415799.277426, 1588415856.179611, 1588415913.72732, 1588415970.778388, 1588416027.629313, 1588416085.747173, 1588416142.5619571, 1588416199.26594, 1588416256.066873, 1588416312.618096, 1588416369.754025, 1588416426.6866932, 1588416483.5608692, 1588416541.379141, 1588416599.672811, 1588416657.706066, 1588416713.2644339, 1588416768.9723, 1588416825.3676789, 1588416881.4152262, 1588416937.6113138, 1588416993.1548202, 1588417048.522044, 1588417102.679081, 1588417158.132242, 1588417215.06974, 1588417270.29072, 1588417325.7865589, 1588417382.682127, 1588417437.958485, 1588417493.5870001, 1588417550.835474, 1588417607.2568, 1588417663.126831, 1588417719.466141, 1588417775.811292, 1588417829.111008, 1588417883.908894, 1588417939.017087, 1588417994.654439, 1588418051.0253298, 1588418106.531195, 1588418161.790439, 1588418217.476341, 1588418273.9239638, 1588418330.129508, 1588418385.434004, 1588418440.6963542, 1588418495.720643, 1588418551.326966, 1588418607.840982, 1588418665.377141, 1588418723.1782598, 1588418798.8298922, 1588418856.697259, 1588418913.9989078, 1588418972.607957, 1588419013.1441002, 1588419071.5519419, 1588419128.9356852, 1588419187.569985, 1588419246.137686, 1588419304.3984158, 1588419361.707042, 1588419419.40749, 1588419477.391945, 1588419535.459646, 1588419593.644181, 1588419650.696058, 1588419709.1127932, 1588419768.047682, 1588419827.4339662, 1588419885.116826, 1588419942.462125, 1588419997.8262699, 1588420054.7945468, 1588420111.1271129, 1588420168.391456, 1588420224.871381, 1588420280.896524, 1588420337.3251572, 1588420394.735261, 1588420449.8448708, 1588420505.384734, 1588420560.764274, 1588420617.583919, 1588420672.6148229, 1588420730.310603, 1588420758.0361211, 1588420814.57411, 1588420871.414984, 1588420926.289821, 1588420982.996264, 1588421041.1868842, 1588421099.27124, 1588421157.3769999, 1588421216.0265348, 1588421273.224472, 1588421330.0601048, 1588421386.145504, 1588422930.763613, 1588422992.587404, 1588423057.1427, 1588423114.044928, 1588423176.025693, 1588423234.4355671, 1588423292.931199, 1588423352.845022, 1588423414.1236548, 1588423486.060788, 1588423545.5125592, 1588423605.590293, 1588423664.646486, 1588423724.469582, 1588423784.735442, 1588423843.8093429, 1588423904.265089, 1588423966.382126, 1588424025.433502, 1588424085.0489972, 1588424144.2747478, 1588424186.3881931, 1588424245.9464378, 1588424305.026461, 1588424364.6027892, 1588424379.7923489, 1588424397.8956668], "episode_lengths": [900, 900, 900, 900, 900, 900, 900, 900, 900, 900, 900, 900, 900, 900, 900, 900, 900, 900, 900, 900, 900, 900, 900, 900, 900, 900, 900, 900, 900, 900, 900, 900, 900, 900, 900, 900, 900, 900, 900, 900, 900, 900, 900, 900, 900, 900, 900, 900, 900, 900, 900, 900, 900, 900, 900, 900, 900, 900, 900, 900, 900, 900, 900, 900, 900, 900, 900, 900, 900, 900, 900, 900, 900, 900, 900, 900, 900, 900, 900, 900, 900, 900, 900, 900, 900, 900, 900, 900, 900, 900, 900, 900, 900, 900, 900, 900, 900, 900, 900, 900, 900, 900, 900, 900, 900, 900, 900, 900, 900, 900, 900, 900, 900, 900, 900, 900, 900, 900, 900, 900, 900, 900, 900, 900, 900, 900, 900, 900, 900, 619, 900, 900, 900, 900, 900, 900, 900, 900, 900, 900, 900, 900, 900, 900, 900, 900, 900, 900, 900, 900, 900, 900, 900, 900, 900, 900, 900, 900, 900, 900, 437, 900, 900, 900, 900, 900, 900, 900, 900, 900, 900, 900, 900, 900, 900, 900, 900, 900, 900, 900, 900, 900, 900, 900, 900, 900, 900, 900, 900, 900, 900, 900, 900, 644, 900, 900, 900, 216, 268],